"@torsafer","2018-05-20 23:31:47","El Sr. @DeLaCalleHum üëπ no se cansa de sembra odio y ciza√±a. Ahora dice estamos #DeRegresoALaInquisicion porque un colegio no acept√≥ realizar en sus instalaciones su cierre de campa√±a. Qu√© personaje tan siniestro y malvado. https://t.co/EWIZD3xshP"
"@manueljoseluque","2018-05-20 23:33:09","@nicolaspetroB @sergio_fajardo @DeLaCalleHum @petrogustavo @angelamrobledo @HOLLMANMORRIS @GustavoBolivar @ClaudiaLopez Tanta alaraca para perder."
"@juanjo311","2018-05-20 23:33:19","Incre√≠ble ver un comercial de @DeLaCalleHum hablando del voto femenino y que en su gobierno habr√° un ministerio de la mujer, despu√©s de que su partido dej√≥ a @SOFIAGAVIRIAC y @MoralesViviane por fuera de la consulta. ¬øCoherencia?"
"@YoryeNeruda","2018-05-20 23:33:27","@LaBuenaOpinion @MafeCarrascal @DeLaCalleHum @petrogustavo @sergio_fajardo @ClaudiaLopez @ebenjumea @andrearincon24 @MelissaDelahoz @GuanumenSeb @angelamrobledo @PaolitaMira Nosotros creemos que s√≠, no es absurdo, los simpatizantes de @DeLaCalleHum, @petrogustavo y @sergio_fajardo tenemos un mismo objetivo #ElPa√≠sPrimero https://t.co/Y14Qmssb8F"
"@YoryeNeruda","2018-05-20 23:33:37","Siempre @DeLaCalleHum dispuesto a compartir y a comprometerse con #ElPa√≠sPrimero. En segunda vuelta todos apoyaremos al candidato que pase entre √©l, @sergio_fajardo y @petrogustavo. https://t.co/EbpaLOup7i"
"@matusescarraga","2018-05-20 23:33:37","Mi voto en primera vuelta ser√° por Sergio Fajardo. Mi agradecimiento ser√° siempre para Humberto de la Calle por el logro hist√≥rico del acuerdo de paz. Es una decisi√≥n dif√≠cil entre dos candidatos de lujo. Estoy convencido de que ser√° un voto de esperanza."
"@Ibacas68","2018-05-20 23:33:43","Los colombianos esperamos que el regitrador  nacional ofrezca las garantias suficietes para que la paz que se logr√≥ con el acuerdo no la perdamos en las urnas con un fraude,@DeLaCalleHum,@BaseLiberalCo,@elespectador,@ELTIEMPO,@RobledoAngela,@petrogustavo,@RegistraduraCol"
"@BRAULIOCEBAS","2018-05-20 23:33:46","Incre√≠ble ver un comercial de @DeLaCalleHum hablando del voto femenino y que en su gobierno habr√° un ministerio de la mujer, despu√©s de que su partido dej√≥ a @SOFIAGAVIRIAC y @MoralesViviane por fuera de la consulta. ¬øCoherencia?"
"@mdpgomez","2018-05-20 23:33:48","@LUCIALMAGUER @adrescala @araujoaristizab @YasserAminII1 @BlackSaurer @Santosterroris @petrogustavo @German_Vargas @PCambioRadical @IvanDuque @DeLaCalleHum Lo m√°s seguro es que en menos de 4 a√±os vuelva üí©üí© el pa√≠s y ya para eso estar√© fuera de Colombia,porque no soy masoquista. Con seguridad en las pr√≥ximas elecciones a votar en contra de √©l aunque ya tenga los poderes en sus manos,y luchar√°n los estudiantes como en Vzla."
"@JuanAndresCity","2018-05-20 23:33:49","Mi voto en primera vuelta ser√° por Sergio Fajardo. Mi agradecimiento ser√° siempre para Humberto de la Calle por el logro hist√≥rico del acuerdo de paz. Es una decisi√≥n dif√≠cil entre dos candidatos de lujo. Estoy convencido de que ser√° un voto de esperanza."
"@diegomez_18","2018-05-20 23:33:51","@resveracalvo @Realidades77 @alfacolombia @JESUSelias0805 @mmargarita1958 @CaracolRadio @cifrasyconcepto @IvanDuque @German_Vargas @petrogustavo @sergio_fajardo @DeLaCalleHum Tamales y lech√≥n a que el se√±or duque y su campa√±a es experto ene repartir"
"@Briiank04","2018-05-20 23:33:52","Siempre @DeLaCalleHum dispuesto a compartir y a comprometerse con #ElPa√≠sPrimero. En segunda vuelta todos apoyaremos al candidato que pase entre √©l, @sergio_fajardo y @petrogustavo. https://t.co/EbpaLOup7i"
"@Gustavo68831299","2018-05-20 23:34:05","Este es @DeLaCalleHum el que le regal√≥ curules gratis y una candidatura presidencial a las Farc.  Ahora, en tal caso que pase el exguerrillero Petro a segunda vuelta lo apoyar√≠an con los de fajardo. ¬øDudas?  Duque es la esperanza que tiene el pa√≠s en estos momentos. #DuqueGanador https://t.co/EzjQomOiPI"
"@YoryeNeruda","2018-05-20 23:34:09","Estas fueron las palabras de @angelamrobledo reafirmando el compromiso que hizo con nosotros, @PaisPrimero, en el caf√© #LasVicesSeSientan junto a @ClaraLopezObre. En segunda se compromete a apoyar a quien pase entre @DeLaCalleHum, @sergio_fajardo y @petrogustavo. #ElPa√≠sPrimero. https://t.co/e5sQ05Ua9C"
"@leflacguy","2018-05-20 23:34:14","‚ÄúHay personas que tienen la capacidad de sentirlo todo, Humberto de la Calle es una de ellas‚Äù @CabasMusica #El27MiVotoEsDeLaCalle https://t.co/bDWN3U8Xab"
"@Armandodejrione","2018-05-20 23:34:14","No tenemos por qu√© callar ante el abuso, @SergioFerG nos agredi√≥, despu√©s sale a hacer pol√≠tica con la bandera de la renovaci√≥n y la decencia, pero con pr√°cticas de los de siempre. #ElPa√≠sPrimero seguir√° promoviendo di√°logo entre @DeLaCalleHum, @sergio_fajardo y @petrogustavo"
"@ARKIWJGJ","2018-05-20 23:34:18","Siempre @DeLaCalleHum dispuesto a compartir y a comprometerse con #ElPa√≠sPrimero. En segunda vuelta todos apoyaremos al candidato que pase entre √©l, @sergio_fajardo y @petrogustavo. https://t.co/EbpaLOup7i"
"@dianacastaneda2","2018-05-20 23:34:25","@marcoespcorpus @DeLaCalleHum Si tuviera la certeza que Fajardo , incluir√≠a en su gabinete de gobierno a De la Calle , quiz√° pensar√≠a mi voto."
"@Aleja_0020","2018-05-20 23:34:31","#YoMeComprometo a apoyar a cualquiera de ustedes que pase a segunda vuelta, porque creo que en ustedes est√° la esperanza de cambio que necesita nuestro pa√≠s @petrogustavo @sergio_fajardo @DeLaCalleHum"
"@jasalaur","2018-05-20 23:34:41","Ante las denuncias de @petrogustavo sobre posible fraude electoral, @DeLaCalleHum le pidi√≥ explicaciones al Gobierno https://t.co/gA64Ogmn1M #VocesySonidos"
"@FernandoVeLugo","2018-05-20 23:34:42","En segunda vuelta vamos con el candidato que pase entre @DeLaCalleHum, @petrogustavo y @sergio_fajardo. Es hora de que Colombia tenga un Presidente que trabaje por la justicia social #ElPa√≠sPrimero üá®üá¥ https://t.co/dBKaim1deC"
"@fredy_co","2018-05-20 23:34:49","Ante las denuncias de @petrogustavo sobre posible fraude electoral, @DeLaCalleHum le pidi√≥ explicaciones al Gobierno https://t.co/gA64Ogmn1M #VocesySonidos"
"@dracowilto","2018-05-20 23:34:55","Mi voto en primera vuelta ser√° por Sergio Fajardo. Mi agradecimiento ser√° siempre para Humberto de la Calle por el logro hist√≥rico del acuerdo de paz. Es una decisi√≥n dif√≠cil entre dos candidatos de lujo. Estoy convencido de que ser√° un voto de esperanza."
"@SCarrascalP","2018-05-20 23:35:01","@pineda0ruiz @MafeCarrascal @PaisPrimero @sergio_fajardo @SergioFerG @ClaudiaLopez @Margaritarosadf @MeDicenWally @JUANCAELBROKY Conozco los j√≥venes de #ElPaisPrimero, son de varias tendencias pol√≠ticas, cada uno tiene su candidato en primera vuelta. Est√°n comprometidos en la construcci√≥n de un mejor pa√≠s, por eso buscan la unidad de @sergio_fajardo @DeLaCalleHum y @petrogustavo para segunda vuelta."
"@Yaneth04112010","2018-05-20 23:35:23","Incre√≠ble ver un comercial de @DeLaCalleHum hablando del voto femenino y que en su gobierno habr√° un ministerio de la mujer, despu√©s de que su partido dej√≥ a @SOFIAGAVIRIAC y @MoralesViviane por fuera de la consulta. ¬øCoherencia?"
"@MacerofaMartha","2018-05-20 23:35:29","Humberto de La Calle es nuestro candidato presidencial  , un hombre probado y comprobado para ser presidente de Colombia üö©üö©üö©üö©@PartidoLiberal https://t.co/a7RUyXEyNx"
"@ELIZABETHLIZA16","2018-05-20 23:35:29","@ELTIEMPO @DeLaCalleHum POR Q VA A TIRARA LA TOALLA SI RES EL MEJOR? Es el q si ha construido pais , DEMOCRACIA, salvado vidas, .LOS OTROS Q ?, Solo populismo? Si, Por eso @DeLaCalleHum  es el candidato de los analistas pol√≠ticos de VERDAD https://t.co/CzR1DheBQt"
"@Andrea42057800","2018-05-20 23:35:34","En segunda vuelta vamos con el candidato que pase entre @DeLaCalleHum, @petrogustavo y @sergio_fajardo. Es hora de que Colombia tenga un Presidente que trabaje por la justicia social #ElPa√≠sPrimero üá®üá¥ https://t.co/dBKaim1deC"
"@avelasquezse","2018-05-20 23:35:38","Mi voto en primera vuelta ser√° por Sergio Fajardo. Mi agradecimiento ser√° siempre para Humberto de la Calle por el logro hist√≥rico del acuerdo de paz. Es una decisi√≥n dif√≠cil entre dos candidatos de lujo. Estoy convencido de que ser√° un voto de esperanza."
"@dalyanagc","2018-05-20 23:35:49","Mi voto en primera vuelta ser√° por Sergio Fajardo. Mi agradecimiento ser√° siempre para Humberto de la Calle por el logro hist√≥rico del acuerdo de paz. Es una decisi√≥n dif√≠cil entre dos candidatos de lujo. Estoy convencido de que ser√° un voto de esperanza."
"@CeSantiRamirez","2018-05-20 23:35:49","Creo en el mensaje de la campa√±a #ElPa√≠sPrimero. Hoy, infortunadamente, en el cierre de @DeLaCalleHum le abrieron la puerta con generosidad, mientras, en el de @sergio_fajardo, @SergioFerG se la cerr√≥ con una violenta descarga de odio. Una l√°stima. Juzguen ustedes: https://t.co/sUsEDDDkt4"
"@DiegoVelezGar","2018-05-20 23:36:01","Ante las denuncias de @petrogustavo sobre posible fraude electoral, @DeLaCalleHum le pidi√≥ explicaciones al Gobierno https://t.co/gA64Ogmn1M #VocesySonidos"
"@JoseLuisBERT","2018-05-20 23:36:03","He visto gestos m√°s cristianos y de amor al pr√≥jimo de parte de Humberto de la Calle y de Gustavo Petro, que de Vargas Lleras y de Iv√°n Duque Uribe (los abanderados de la religi√≥n)"
"@nesvi50","2018-05-20 23:36:13","Incre√≠ble ver un comercial de @DeLaCalleHum hablando del voto femenino y que en su gobierno habr√° un ministerio de la mujer, despu√©s de que su partido dej√≥ a @SOFIAGAVIRIAC y @MoralesViviane por fuera de la consulta. ¬øCoherencia?"
"@ARamirezGL","2018-05-20 23:36:23","Yo no me siento ni moralmente superior, ni mejor que nadie, ni botando mi voto con mi apoyo a @DeLaCalleHum. Siento q es el mejor, el m√°s preparado, el m√°s sensato y el m√°s moderado de todos los candidatos. Y si pierde, paila, a tomar cerveza y ya. Sin drama."
"@Leonard13176827","2018-05-20 23:36:26","@ChisteFlaco98 @petrogustavo As√≠ es mi hermano los que estamos @sergio_fajardo @DeLaCalleHum y @petrogustavo unidos YA! https://t.co/8sxnzE9sO0"
"@cajacamo","2018-05-20 23:36:27","Mi voto en primera vuelta ser√° por Sergio Fajardo. Mi agradecimiento ser√° siempre para Humberto de la Calle por el logro hist√≥rico del acuerdo de paz. Es una decisi√≥n dif√≠cil entre dos candidatos de lujo. Estoy convencido de que ser√° un voto de esperanza."
"@dovelagrado33","2018-05-20 23:36:28","He visto gestos m√°s cristianos y de amor al pr√≥jimo de parte de Humberto de la Calle y de Gustavo Petro, que de Vargas Lleras y de Iv√°n Duque Uribe (los abanderados de la religi√≥n)"
"@jjotaorjuela","2018-05-20 23:36:28","Las cr√≠ticas a @IvanDuque se centran en que se pinta las canas y tiene poca experiencia. No ha ordenado masacres como @petrogustavo, no ha desfalcado a un departamento como @sergio_fajardo y no ha cogobernado al servicio de un cartel de drogas como @DeLaCalleHum. Que disculpen."
"@cartaabodah","2018-05-20 23:36:29","Mi voto en primera vuelta ser√° por Sergio Fajardo. Mi agradecimiento ser√° siempre para Humberto de la Calle por el logro hist√≥rico del acuerdo de paz. Es una decisi√≥n dif√≠cil entre dos candidatos de lujo. Estoy convencido de que ser√° un voto de esperanza."
"@MacerofaMartha","2018-05-20 23:36:30","Sigo convencido que la mejor opci√≥n para la Colombia actual es @DeLaCalleHum, un l√≠der con autoridad y capacidad de conciliar posiciones extremas y uno de los  art√≠fices de la Costiticion del 91 y del acuerdo de paz con FARC"
"@gennysugu","2018-05-20 23:36:36","Ante las denuncias de @petrogustavo sobre posible fraude electoral, @DeLaCalleHum le pidi√≥ explicaciones al Gobierno https://t.co/gA64Ogmn1M #VocesySonidos"
"@JuanPAcero","2018-05-20 23:36:36","En segunda vuelta vamos con el candidato que pase entre @DeLaCalleHum, @petrogustavo y @sergio_fajardo. Es hora de que Colombia tenga un Presidente que trabaje por la justicia social #ElPa√≠sPrimero üá®üá¥ https://t.co/dBKaim1deC"
"@jaimebateman19","2018-05-20 23:36:37","Yo no me siento ni moralmente superior, ni mejor que nadie, ni botando mi voto con mi apoyo a @DeLaCalleHum. Siento q es el mejor, el m√°s preparado, el m√°s sensato y el m√°s moderado de todos los candidatos. Y si pierde, paila, a tomar cerveza y ya. Sin drama."
"@ana_hinestrosa","2018-05-20 23:36:38","Ante las denuncias de @petrogustavo sobre posible fraude electoral, @DeLaCalleHum le pidi√≥ explicaciones al Gobierno https://t.co/gA64Ogmn1M #VocesySonidos"
"@_JuanitaMendez","2018-05-20 23:36:39","Yo no me siento ni moralmente superior, ni mejor que nadie, ni botando mi voto con mi apoyo a @DeLaCalleHum. Siento q es el mejor, el m√°s preparado, el m√°s sensato y el m√°s moderado de todos los candidatos. Y si pierde, paila, a tomar cerveza y ya. Sin drama."
"@Med_Quirama","2018-05-20 23:36:42","Yo no me siento ni moralmente superior, ni mejor que nadie, ni botando mi voto con mi apoyo a @DeLaCalleHum. Siento q es el mejor, el m√°s preparado, el m√°s sensato y el m√°s moderado de todos los candidatos. Y si pierde, paila, a tomar cerveza y ya. Sin drama."
"@jguerrero20","2018-05-20 23:36:52","Ante las denuncias de @petrogustavo sobre posible fraude electoral, @DeLaCalleHum le pidi√≥ explicaciones al Gobierno https://t.co/gA64Ogmn1M #VocesySonidos"
"@tinvalientepaz","2018-05-20 23:36:59","Incre√≠ble ver un comercial de @DeLaCalleHum hablando del voto femenino y que en su gobierno habr√° un ministerio de la mujer, despu√©s de que su partido dej√≥ a @SOFIAGAVIRIAC y @MoralesViviane por fuera de la consulta. ¬øCoherencia?"
"@SebasMinogueT","2018-05-20 23:37:01","#UnaConstituyentePara | "Procur√© distraer la angustia electoral ‚Äìque estaba por superarme como @MoralesViviane a @DeLaCalleHum- observando la final de La Voz Kids, pero todo fue in√∫til. Salvo las canas de @IvanDuque, todo pinta negro, por @DanielSamperO https://t.co/m7Y164R3kz https://t.co/Hvw17Ix8o5"
"@Maximo_NoriegaR","2018-05-20 23:37:17","Convocamos a los amigos y seguidores de las campa√±as @DeLaCalleHum y @sergio_fajardo, para que cuidemos la democracia y cuidemos nuestros votos. Los candidatos de la muerte y la corrupci√≥n quieren imponerse con trampas y no debemos dejar que lo hagan otra vez #NoAlFraudeElectoral"
"@cdaramirez","2018-05-20 23:37:23","Ante las denuncias de @petrogustavo sobre posible fraude electoral, @DeLaCalleHum le pidi√≥ explicaciones al Gobierno https://t.co/gA64Ogmn1M #VocesySonidos"
"@DigitalDent","2018-05-20 23:37:32","Ante las denuncias de @petrogustavo sobre posible fraude electoral, @DeLaCalleHum le pidi√≥ explicaciones al Gobierno https://t.co/gA64Ogmn1M #VocesySonidos"
"@CuartoRojoAv","2018-05-20 23:37:44","En segunda vuelta vamos con el candidato que pase entre @DeLaCalleHum, @petrogustavo y @sergio_fajardo. Es hora de que Colombia tenga un Presidente que trabaje por la justicia social #ElPa√≠sPrimero üá®üá¥ https://t.co/dBKaim1deC"
"@sandrazafra5","2018-05-20 23:37:48","Ante las denuncias de @petrogustavo sobre posible fraude electoral, @DeLaCalleHum le pidi√≥ explicaciones al Gobierno https://t.co/gA64Ogmn1M #VocesySonidos"
"@nietofernando","2018-05-20 23:37:56","Mi voto en primera vuelta ser√° por Sergio Fajardo. Mi agradecimiento ser√° siempre para Humberto de la Calle por el logro hist√≥rico del acuerdo de paz. Es una decisi√≥n dif√≠cil entre dos candidatos de lujo. Estoy convencido de que ser√° un voto de esperanza."
"@dlms84","2018-05-20 23:38:03","Una canci√≥n que compuse el d√≠a que las FARC entregaron las armas. Un regalo para @DeLaCalleHum  GRACIAS POR LOS MILES DE MUERTOS MENOS.üòäüôèüèº‚ù§Ô∏è https://t.co/Z9Oqxub58R"
"@MollyNeuramante","2018-05-20 23:38:09","Ante las denuncias de @petrogustavo sobre posible fraude electoral, @DeLaCalleHum le pidi√≥ explicaciones al Gobierno https://t.co/gA64Ogmn1M #VocesySonidos"
"@Maryavicks","2018-05-20 23:38:18","¬°Ay√∫dame a difundir!   Hagamos llegar esta encuesta a muchas personas, para darnos cuenta de la verdadera intenci√≥n de voto de los candidatos a la presidencia, si votas por Humberto de la calle, comenta.  ¬ø si hoy fueran las elecciones presidenciales, usted por qui√©n votar√≠a ?"
"@dondaniel25","2018-05-20 23:38:19","Es un abuso lo que hizo @SergioFerG, jovenes haciendo pol√≠tica a la vieja usanza, con violencia. Triste en lo que se han convertido. Nosotros no somos petristas como ud dice, no somos borregos, en @PaisPrimero hay simpatizantes de @DeLaCalleHum, @petrogustavo y @sergio_fajardo."
"@Valeroabdul","2018-05-20 23:38:30","Ante las denuncias de @petrogustavo sobre posible fraude electoral, @DeLaCalleHum le pidi√≥ explicaciones al Gobierno https://t.co/gA64Ogmn1M #VocesySonidos"
"@dondaniel25","2018-05-20 23:38:34","Les aseguro que j√≥venes de @PaisPrimero somos pac√≠ficos y respetuosos, particularmente quienes fueron esta tarde a los cierres de @sergio_fajardo y @DeLaCalleHum. Es una l√°stima y esperamos una disculpa p√∫blica como la violencia de @SergioFerG hoy contra nosotros #ElPa√≠sPrimero"
"@_manuela1103","2018-05-20 23:38:36","Mi voto en primera vuelta ser√° por Sergio Fajardo. Mi agradecimiento ser√° siempre para Humberto de la Calle por el logro hist√≥rico del acuerdo de paz. Es una decisi√≥n dif√≠cil entre dos candidatos de lujo. Estoy convencido de que ser√° un voto de esperanza."
"@Tatiana_PelaezV","2018-05-20 23:38:42","Siempre @DeLaCalleHum dispuesto a compartir y a comprometerse con #ElPa√≠sPrimero. En segunda vuelta todos apoyaremos al candidato que pase entre √©l, @sergio_fajardo y @petrogustavo. https://t.co/EbpaLOup7i"
"@Guillemo1972","2018-05-20 23:38:44","Incre√≠ble ver un comercial de @DeLaCalleHum hablando del voto femenino y que en su gobierno habr√° un ministerio de la mujer, despu√©s de que su partido dej√≥ a @SOFIAGAVIRIAC y @MoralesViviane por fuera de la consulta. ¬øCoherencia?"
"@jarive55","2018-05-20 23:38:46","Al parecer @DeLaCalleHum muri√≥ hace rato y est√° en un universo paralelo para afirmar ‚ÄúTodo el mundo dice que el mejor candidato soy yo‚Äù üòÇüòÇ https://t.co/HBK4EUenLb"
"@jrapsody19","2018-05-20 23:38:48","Ante el inminente fraude electoral, la campa√±a de la Colombia Humana, invita a las campa√±as de @sergio_fajardo y @DeLaCalleHum a que nos cuidemos el voto mutuamente. Un√°monos ante la trampa de los mismos de siempre. #YoCuidoMiVoto @petrogustavo @angelamrobledo https://t.co/Jrst54o04h"
"@Mabelsua","2018-05-20 23:38:49","Es un abuso lo que hizo @SergioFerG, jovenes haciendo pol√≠tica a la vieja usanza, con violencia. Triste en lo que se han convertido. Nosotros no somos petristas como ud dice, no somos borregos, en @PaisPrimero hay simpatizantes de @DeLaCalleHum, @petrogustavo y @sergio_fajardo."
"@acuna_arrieta","2018-05-20 23:38:51","Ceguera pol√≠tica @sergio_fajardo y aliados @ClaudiaLopez y @JERobledo empez√≥ y no tiene fin. Rechazaron a @DeLaCalleHum y a @petrogustavo, porque se cre√≠a presidente. Ahora ante inminencia triunfo @petrogustavo se dedican a atacarlo. Parecieran en campa√±a por el Uribismo"
"@Juancqa1","2018-05-20 23:38:56","Campa√±a de @petrogustavo solicita a campa√±as de @sergio_fajardo y @DeLaCalleHum cuidar mutuamente los votos de sus respectivos candidatos.   ¬øSe unir√°n al menos en esta cruzada? #NoAlFraudeElectoral https://t.co/RKv0CD1DSF"
"@Mabelsua","2018-05-20 23:38:57","Les aseguro que j√≥venes de @PaisPrimero somos pac√≠ficos y respetuosos, particularmente quienes fueron esta tarde a los cierres de @sergio_fajardo y @DeLaCalleHum. Es una l√°stima y esperamos una disculpa p√∫blica como la violencia de @SergioFerG hoy contra nosotros #ElPa√≠sPrimero"
"@gerbui2505","2018-05-20 23:39:07","Ante las denuncias de @petrogustavo sobre posible fraude electoral, @DeLaCalleHum le pidi√≥ explicaciones al Gobierno https://t.co/gA64Ogmn1M #VocesySonidos"
"@lp_vanegas","2018-05-20 23:39:10","Campa√±a de @petrogustavo solicita a campa√±as de @sergio_fajardo y @DeLaCalleHum cuidar mutuamente los votos de sus respectivos candidatos.   ¬øSe unir√°n al menos en esta cruzada? #NoAlFraudeElectoral https://t.co/RKv0CD1DSF"
"@cdondesimon","2018-05-20 23:39:13","Campa√±a de @petrogustavo solicita a campa√±as de @sergio_fajardo y @DeLaCalleHum cuidar mutuamente los votos de sus respectivos candidatos.   ¬øSe unir√°n al menos en esta cruzada? #NoAlFraudeElectoral https://t.co/RKv0CD1DSF"
"@Marianafloga","2018-05-20 23:39:25","Mi voto en primera vuelta ser√° por Sergio Fajardo. Mi agradecimiento ser√° siempre para Humberto de la Calle por el logro hist√≥rico del acuerdo de paz. Es una decisi√≥n dif√≠cil entre dos candidatos de lujo. Estoy convencido de que ser√° un voto de esperanza."
"@litosam","2018-05-20 23:39:29","Yo no puedo desmontarme de votar por @DeLaCalleHum porque lo har√© por principios y, uno de los principios no se desmonta, no se arrepiente, no se dobletea. Un voto por principios, es un voto por convicci√≥n. A los que se desmontan les digo, que no les pese luego."
"@HubertMontoyaC","2018-05-20 23:39:31","Mi voto en primera vuelta ser√° por Sergio Fajardo. Mi agradecimiento ser√° siempre para Humberto de la Calle por el logro hist√≥rico del acuerdo de paz. Es una decisi√≥n dif√≠cil entre dos candidatos de lujo. Estoy convencido de que ser√° un voto de esperanza."
"@olgaryder1","2018-05-20 23:39:43","Incre√≠ble ver un comercial de @DeLaCalleHum hablando del voto femenino y que en su gobierno habr√° un ministerio de la mujer, despu√©s de que su partido dej√≥ a @SOFIAGAVIRIAC y @MoralesViviane por fuera de la consulta. ¬øCoherencia?"
"@edwinsa97","2018-05-20 23:39:49","Creo en el mensaje de la campa√±a #ElPa√≠sPrimero. Hoy, infortunadamente, en el cierre de @DeLaCalleHum le abrieron la puerta con generosidad, mientras, en el de @sergio_fajardo, @SergioFerG se la cerr√≥ con una violenta descarga de odio. Una l√°stima. Juzguen ustedes: https://t.co/sUsEDDDkt4"
"@LeonardMaiguel","2018-05-20 23:39:51","@MafeCarrascal @PaisPrimero @sergio_fajardo @SergioFerG @ClaudiaLopez @Margaritarosadf @MeDicenWally @JUANCAELBROKY Yo hubiese Hecho lo mismo, me informan de la campa√±a de @DeLaCalleHum que no se di√≥ cuenta de esa foto, estrategia sucia del Petrismo. Eso no se ha definido."
"@policarpan15","2018-05-20 23:39:53","Ante las denuncias de @petrogustavo sobre posible fraude electoral, @DeLaCalleHum le pidi√≥ explicaciones al Gobierno https://t.co/gA64Ogmn1M #VocesySonidos"
"@MacerofaMartha","2018-05-20 23:39:58","‚ÄúMi tarea no es solo un resultado electoral, como es obvio, sino tambi√©n un legado, dejar unas ideas; yo estoy defendiendo unas CAUSAS‚Äù @DeLaCalleHum v√≠a @ELTIEMPO https://t.co/8a03VS2tc6"
"@AngeMGuerrero","2018-05-20 23:40:06","Yo no me siento ni moralmente superior, ni mejor que nadie, ni botando mi voto con mi apoyo a @DeLaCalleHum. Siento q es el mejor, el m√°s preparado, el m√°s sensato y el m√°s moderado de todos los candidatos. Y si pierde, paila, a tomar cerveza y ya. Sin drama."
"@IanKmylo","2018-05-20 23:40:09","En segunda vuelta vamos con el candidato que pase entre @DeLaCalleHum, @petrogustavo y @sergio_fajardo. Es hora de que Colombia tenga un Presidente que trabaje por la justicia social #ElPa√≠sPrimero üá®üá¥ https://t.co/dBKaim1deC"
"@PoloJoven","2018-05-20 23:40:13","Mi voto en primera vuelta ser√° por Sergio Fajardo. Mi agradecimiento ser√° siempre para Humberto de la Calle por el logro hist√≥rico del acuerdo de paz. Es una decisi√≥n dif√≠cil entre dos candidatos de lujo. Estoy convencido de que ser√° un voto de esperanza."
"@datos_jm","2018-05-20 23:40:13","Campa√±a de @petrogustavo solicita a campa√±as de @sergio_fajardo y @DeLaCalleHum cuidar mutuamente los votos de sus respectivos candidatos.   ¬øSe unir√°n al menos en esta cruzada? #NoAlFraudeElectoral https://t.co/RKv0CD1DSF"
"@BeatrizCardena1","2018-05-20 23:40:18","Al parecer a un colegio de la Arquidi√≥cesis de Manizales no le serv√≠a un mensaje de reconciliaci√≥n, equidad, libertad y paz. La ciudad de MNZLS y su gente en cambio reaccionaron inmediatamente y s√≠ lo adopt√≥, celebr√≥ y se volc√≥ a la calle a recibir a su coterr√°neo @DeLaCalleHum https://t.co/mnxCNomac8"
"@bluesjar","2018-05-20 23:40:20","Mi voto en primera vuelta ser√° por Sergio Fajardo. Mi agradecimiento ser√° siempre para Humberto de la Calle por el logro hist√≥rico del acuerdo de paz. Es una decisi√≥n dif√≠cil entre dos candidatos de lujo. Estoy convencido de que ser√° un voto de esperanza."
"@cfelipemon26","2018-05-20 23:40:21","Y aqu√≠ est√° @ClaraLopezObre f√≥rmula vicepresidencial, comprometida como aquella vez que nos tomamos el caf√© con @angelamrobledo #ElPa√≠sPrimero, en segunda votamos por quien quede entre @DeLaCalleHum, @petrogustavo y @sergio_fajardo. https://t.co/8toA6VF9BR"
"@jimmyromero1","2018-05-20 23:40:22","@GersonMorales05 @EDWINANDRESREN1 @ChisteFlaco98 @petrogustavo @sergio_fajardo @DeLaCalleHum @PaisPrimero @SergioFerG Quiz√°s no era la ocasi√≥n adecuada pero el profe es inteligente y el distanciamiento de Claudia y Robledo hacia GP no es por las propuesta de cada equipo ambos odian la corrupci√≥n quiz√°s por el pasado combativo de petro pero eso que ahora lo que importa es seguir construyendo paz"
"@cpaocalderon","2018-05-20 23:40:23","Campa√±a de @petrogustavo solicita a campa√±as de @sergio_fajardo y @DeLaCalleHum cuidar mutuamente los votos de sus respectivos candidatos.   ¬øSe unir√°n al menos en esta cruzada? #NoAlFraudeElectoral https://t.co/RKv0CD1DSF"
"@JUANCAELBROKY","2018-05-20 23:40:29","@pineda0ruiz @MafeCarrascal @PaisPrimero @sergio_fajardo @SergioFerG @ClaudiaLopez @Margaritarosadf @MeDicenWally @JUANCAELBROKY Conozco los j√≥venes de #ElPaisPrimero, son de varias tendencias pol√≠ticas, cada uno tiene su candidato en primera vuelta. Est√°n comprometidos en la construcci√≥n de un mejor pa√≠s, por eso buscan la unidad de @sergio_fajardo @DeLaCalleHum y @petrogustavo para segunda vuelta."
"@andrearincon24","2018-05-20 23:40:31","En segunda vuelta vamos con el candidato que pase entre @DeLaCalleHum, @petrogustavo y @sergio_fajardo. Es hora de que Colombia tenga un Presidente que trabaje por la justicia social #ElPa√≠sPrimero üá®üá¥ https://t.co/dBKaim1deC"
"@PalmaEdwin","2018-05-20 23:40:32","Ceguera pol√≠tica @sergio_fajardo y aliados @ClaudiaLopez y @JERobledo empez√≥ y no tiene fin. Rechazaron a @DeLaCalleHum y a @petrogustavo, porque se cre√≠a presidente. Ahora ante inminencia triunfo @petrogustavo se dedican a atacarlo. Parecieran en campa√±a por el Uribismo"
"@CENTROECUESTRE","2018-05-20 23:40:32","@DeLaCalleHum @JuanLozano_R 50 MAGISTRADOS INTEGRANTES DE LA ‚ÄúJEP ‚Äú  GANANDO  $ 30‚Äô000.000 MENSUALES PARA DEFENDER DELINCUENTES, ESTA USTED DE ACUERDO ? https://t.co/7WlSG6YSw0"
"@trabajador_dios","2018-05-20 23:40:43","Este es @DeLaCalleHum el que le regal√≥ curules gratis y una candidatura presidencial a las Farc.  Ahora, en tal caso que pase el exguerrillero Petro a segunda vuelta lo apoyar√≠an con los de fajardo. ¬øDudas?  Duque es la esperanza que tiene el pa√≠s en estos momentos. #DuqueGanador https://t.co/EzjQomOiPI"
"@ElChapinPrensa","2018-05-20 23:40:45","Mi voto en primera vuelta ser√° por Sergio Fajardo. Mi agradecimiento ser√° siempre para Humberto de la Calle por el logro hist√≥rico del acuerdo de paz. Es una decisi√≥n dif√≠cil entre dos candidatos de lujo. Estoy convencido de que ser√° un voto de esperanza."
"@norabeltranm","2018-05-20 23:41:00","@pineda0ruiz @MafeCarrascal @PaisPrimero @sergio_fajardo @SergioFerG @ClaudiaLopez @Margaritarosadf @MeDicenWally @JUANCAELBROKY Conozco los j√≥venes de #ElPaisPrimero, son de varias tendencias pol√≠ticas, cada uno tiene su candidato en primera vuelta. Est√°n comprometidos en la construcci√≥n de un mejor pa√≠s, por eso buscan la unidad de @sergio_fajardo @DeLaCalleHum y @petrogustavo para segunda vuelta."
"@ilSatiro","2018-05-20 23:50:31","@datoatipico @Pelicolombianas @DeLaCalleHum @sergio_fajardo Tampoco se vale juzgar a toda una campa√±a por la reacci√≥n errada de uno de sus coordinadores, todo el apoyo para #ElPa√≠sPrimero. https://t.co/KiqQ1wLb4p"
"@AlejandroLeal11","2018-05-20 23:50:35","@ChisteFlaco98 @petrogustavo As√≠ es mi hermano los que estamos @sergio_fajardo @DeLaCalleHum y @petrogustavo unidos YA! https://t.co/8sxnzE9sO0"
"@JulianRamrez13","2018-05-20 23:50:42","#ATENCI√ìN En este instante, @petrogustavo vuelve a reiterar su invitaci√≥n a @sergio_fajardo y  @DeLaCalleHum a formar una sola fuerza que lleve al pa√≠s por un camino distinto al de las fuerzas retardatarias."
"@romancas24","2018-05-20 23:50:45","Compartimos con nuestros amigos hoy en un hermoso cierre de campa√±a del @PartidoLiberal  con el candidato @DeLaCalleHum https://t.co/yzkMMUYS0F"
"@Carolin89472362","2018-05-20 23:50:56","Siempre @DeLaCalleHum dispuesto a compartir y a comprometerse con #ElPa√≠sPrimero. En segunda vuelta todos apoyaremos al candidato que pase entre √©l, @sergio_fajardo y @petrogustavo. https://t.co/EbpaLOup7i"
"@merv59","2018-05-20 23:54:37",""ahora que hemos puesto fin a la guerra, es momento de poner la paz en marcha" @DeLaCalleHum @ClaraLopezObre #DeLaCallePresidente #ASIseconstruyeunmejorpais #El27MiVotoEsDeLaCalle"
"@Atenea03404780","2018-05-20 23:54:41","Campa√±a de @petrogustavo solicita a campa√±as de @sergio_fajardo y @DeLaCalleHum cuidar mutuamente los votos de sus respectivos candidatos.   ¬øSe unir√°n al menos en esta cruzada? #NoAlFraudeElectoral https://t.co/RKv0CD1DSF"
"@mafer0687","2018-05-20 23:54:42","Incre√≠ble ver un comercial de @DeLaCalleHum hablando del voto femenino y que en su gobierno habr√° un ministerio de la mujer, despu√©s de que su partido dej√≥ a @SOFIAGAVIRIAC y @MoralesViviane por fuera de la consulta. ¬øCoherencia?"
"@rafadirector","2018-05-20 23:54:45","Yo no me siento ni moralmente superior, ni mejor que nadie, ni botando mi voto con mi apoyo a @DeLaCalleHum. Siento q es el mejor, el m√°s preparado, el m√°s sensato y el m√°s moderado de todos los candidatos. Y si pierde, paila, a tomar cerveza y ya. Sin drama."
"@ViviDsrs","2018-05-20 23:54:46","Yo no me siento ni moralmente superior, ni mejor que nadie, ni botando mi voto con mi apoyo a @DeLaCalleHum. Siento q es el mejor, el m√°s preparado, el m√°s sensato y el m√°s moderado de todos los candidatos. Y si pierde, paila, a tomar cerveza y ya. Sin drama."
"@jucatero","2018-05-20 23:54:47","Incre√≠ble ver un comercial de @DeLaCalleHum hablando del voto femenino y que en su gobierno habr√° un ministerio de la mujer, despu√©s de que su partido dej√≥ a @SOFIAGAVIRIAC y @MoralesViviane por fuera de la consulta. ¬øCoherencia?"
"@Te_doy_Retwit","2018-05-20 23:54:49","Ante las denuncias de @petrogustavo sobre posible fraude electoral, @DeLaCalleHum le pidi√≥ explicaciones al Gobierno https://t.co/gA64Ogmn1M #VocesySonidos"
"@MayraDuranP","2018-05-20 23:54:50","Creo en el mensaje de la campa√±a #ElPa√≠sPrimero. Hoy, infortunadamente, en el cierre de @DeLaCalleHum le abrieron la puerta con generosidad, mientras, en el de @sergio_fajardo, @SergioFerG se la cerr√≥ con una violenta descarga de odio. Una l√°stima. Juzguen ustedes: https://t.co/sUsEDDDkt4"
"@The_Centenial","2018-05-20 23:54:54","Yo no me siento ni moralmente superior, ni mejor que nadie, ni botando mi voto con mi apoyo a @DeLaCalleHum. Siento q es el mejor, el m√°s preparado, el m√°s sensato y el m√°s moderado de todos los candidatos. Y si pierde, paila, a tomar cerveza y ya. Sin drama."
"@juansharkbe","2018-05-20 23:54:55","Ante las denuncias de @petrogustavo sobre posible fraude electoral, @DeLaCalleHum le pidi√≥ explicaciones al Gobierno https://t.co/gA64Ogmn1M #VocesySonidos"
"@vsquez05","2018-05-20 23:54:58","Siempre @DeLaCalleHum dispuesto a compartir y a comprometerse con #ElPa√≠sPrimero. En segunda vuelta todos apoyaremos al candidato que pase entre √©l, @sergio_fajardo y @petrogustavo. https://t.co/EbpaLOup7i"
"@Ivanzuluaga95","2018-05-20 23:55:06","#QueSeComprometan a apoyarse en segunda vuelta, #YoMeComprometo a apoyar a quien pase a segunda vuelta. Por el pa√≠s, por nuestro futuro @sergio_fajardo @petrogustavo @DeLaCalleHum  Todos juntos podemos."
"@kaka0822","2018-05-20 23:55:06","En contraste esta foto, el @PaisPrimero  no tiene ning√∫n problema con la campa√±a de @sergio_fajardo, en lo absoluto, seguiremos promoviendo el di√°logo entre los simpatizantes de √©l, @petrogustavo y @DeLaCalleHum. Las agresiones de @SergioFerG son su responsabilidad #ElPa√≠sPrimero https://t.co/Q6yibCC6Lu"
"@arorj_91","2018-05-20 23:55:08","Siempre comprometida con #ElPa√≠sPrimero, estas fueron las palabras de la candidata vicepresidencial @angelamrobledo, en segunda vuelta vamos por quien pase entre @DeLaCalleHum, @sergio_fajardo y @petrogustavo. https://t.co/lknXN3fyBI"
"@saavedrah","2018-05-20 23:55:12","Es un abuso lo que hizo @SergioFerG, jovenes haciendo pol√≠tica a la vieja usanza, con violencia. Triste en lo que se han convertido. Nosotros no somos petristas como ud dice, no somos borregos, en @PaisPrimero hay simpatizantes de @DeLaCalleHum, @petrogustavo y @sergio_fajardo."
"@771David","2018-05-20 23:55:35","Incre√≠ble ver un comercial de @DeLaCalleHum hablando del voto femenino y que en su gobierno habr√° un ministerio de la mujer, despu√©s de que su partido dej√≥ a @SOFIAGAVIRIAC y @MoralesViviane por fuera de la consulta. ¬øCoherencia?"
"@jhonforeroc","2018-05-20 23:55:35","Mi voto en primera vuelta ser√° por Sergio Fajardo. Mi agradecimiento ser√° siempre para Humberto de la Calle por el logro hist√≥rico del acuerdo de paz. Es una decisi√≥n dif√≠cil entre dos candidatos de lujo. Estoy convencido de que ser√° un voto de esperanza."
"@YonisAlberto4","2018-05-20 23:55:37","Ante las denuncias de @petrogustavo sobre posible fraude electoral, @DeLaCalleHum le pidi√≥ explicaciones al Gobierno https://t.co/gA64Ogmn1M #VocesySonidos"
"@mcastillop16","2018-05-20 23:55:38","Mi voto en primera vuelta ser√° por Sergio Fajardo. Mi agradecimiento ser√° siempre para Humberto de la Calle por el logro hist√≥rico del acuerdo de paz. Es una decisi√≥n dif√≠cil entre dos candidatos de lujo. Estoy convencido de que ser√° un voto de esperanza."
"@nelson_diez","2018-05-20 23:55:39","@JulliethCano @DeLaCalleHum Ahhh y casi se me olvida lo q siempre sagradamente hay q decirle a alguien como vos.....Eres hermosas, cada d√≠a q pasa se te ve m√°s y m√°s hermosa. Eres la √∫nica raz√≥n por la veo @NoticiasCaracol"
"@gio_sc","2018-05-20 23:55:58","@Alonrop @petrogustavo @sergio_fajardo @DeLaCalleHum Mientras tanto la CoCo solo lo atancan a √©l, demostrando una vez m√°s la gallard√≠a de Petro al no responder a estos ataques."
"@juanchito1927","2018-05-20 23:55:59","Siempre @DeLaCalleHum dispuesto a compartir y a comprometerse con #ElPa√≠sPrimero. En segunda vuelta todos apoyaremos al candidato que pase entre √©l, @sergio_fajardo y @petrogustavo. https://t.co/EbpaLOup7i"
"@lmaria1468","2018-05-20 23:56:00","En #Manizales @DeLaCalleHum  demostr√≥ que es el l√≠der presidencial que el pa√≠s necesita, pues no s√≥lo enfrent√≥ la censura, sino que logr√≥ demostrar que en la calle, como lo indica su apellido es donde se disfruta con la gente @BaseLiberalCo @DeLaCalleJoven #MiVotoEsDeLaCalle https://t.co/D0TDsxMahO"
"@agamez_quintero","2018-05-20 23:56:01","Ante el inminente fraude electoral, la campa√±a de la Colombia Humana, invita a las campa√±as de @sergio_fajardo y @DeLaCalleHum a que nos cuidemos el voto mutuamente. Un√°monos ante la trampa de los mismos de siempre. #YoCuidoMiVoto @petrogustavo @angelamrobledo https://t.co/Jrst54o04h"
"@dmontoyaprieto","2018-05-20 23:56:02","@LuchoJacobsen Su cadidato @DeLaCalleHum es un duro lagarteando y haciendo politiqueria, con razon le gusta. Bienvenido al 1,9% que quiere botar el voto."
"@GladyspReyes","2018-05-20 23:56:02","@JoseMAcevedo @manolitosalazar @petrogustavo @German_Vargas @IvanDuque @DeLaCalleHum @sergio_fajardo A Petro le cuesta el siempre quiere  conflicto , no demora hacer los shows en plena plaza de Bol√≠var como siempre payaso total"
"@Herman_Cadena","2018-05-20 23:56:03","@SergioFerG Q va, ud es el q divide, hip√≥crita!  Mire al sr @DeLaCalleHum, sin problema alguno y pensando en un mejor pais, no g√©nero ning√∫n inconveniente y esta en @PaisPrimero. Mejor recapacite q el enemigo a vencer es otro sr q tiene cara de marranito! https://t.co/5OXSgu4RSz"
"@jkike_contreras","2018-05-20 23:56:08","#ATENCI√ìN En este instante, @petrogustavo vuelve a reiterar su invitaci√≥n a @sergio_fajardo y  @DeLaCalleHum a formar una sola fuerza que lleve al pa√≠s por un camino distinto al de las fuerzas retardatarias."
"@Camil05andoval","2018-05-21 00:02:23","Siempre @DeLaCalleHum dispuesto a compartir y a comprometerse con #ElPa√≠sPrimero. En segunda vuelta todos apoyaremos al candidato que pase entre √©l, @sergio_fajardo y @petrogustavo. https://t.co/EbpaLOup7i"
"@AlejandoRguez","2018-05-21 00:02:35","En segunda vuelta vamos con el candidato que pase entre @DeLaCalleHum, @petrogustavo y @sergio_fajardo. Es hora de que Colombia tenga un Presidente que trabaje por la justicia social #ElPa√≠sPrimero üá®üá¥ https://t.co/dBKaim1deC"
"@Luiisepp","2018-05-21 00:02:39","Incre√≠ble ver un comercial de @DeLaCalleHum hablando del voto femenino y que en su gobierno habr√° un ministerio de la mujer, despu√©s de que su partido dej√≥ a @SOFIAGAVIRIAC y @MoralesViviane por fuera de la consulta. ¬øCoherencia?"
"@richandres1085","2018-05-21 00:11:25","Mi voto en primera vuelta ser√° por Sergio Fajardo. Mi agradecimiento ser√° siempre para Humberto de la Calle por el logro hist√≥rico del acuerdo de paz. Es una decisi√≥n dif√≠cil entre dos candidatos de lujo. Estoy convencido de que ser√° un voto de esperanza."
"@AngelicaCh2018","2018-05-21 00:11:30","Tiene mucho que aprender @SergioFerG. Tan j√≥ven y tan sectario, lamentablemente! @DeLaCalleHum demostrando coherencia pol√≠tica #ElPa√≠sPrimero https://t.co/IpC36G1qUp"
"@nelsonjl61","2018-05-21 00:11:35","Seguimos manteniendo la propuesta, de que @sergio_fajardo con @PartidoVerdeCoL  a @DeLaCalleHum con @PartidoLiberal  y todos, a unir fuerzas, para beneficio de las mayor√≠as que siempre fueron excluidas en Colombia, cumplamos el sue√±o de un pais mejor. #PetroEnBarranquilla"
"@entamente","2018-05-21 00:11:35","Yo no me siento ni moralmente superior, ni mejor que nadie, ni botando mi voto con mi apoyo a @DeLaCalleHum. Siento q es el mejor, el m√°s preparado, el m√°s sensato y el m√°s moderado de todos los candidatos. Y si pierde, paila, a tomar cerveza y ya. Sin drama."
"@JeisonLubo","2018-05-21 00:11:39","#ATENCI√ìN En este instante, @petrogustavo vuelve a reiterar su invitaci√≥n a @sergio_fajardo y  @DeLaCalleHum a formar una sola fuerza que lleve al pa√≠s por un camino distinto al de las fuerzas retardatarias."
"@PadillaCharrisM","2018-05-21 00:11:43","Mi voto en primera vuelta ser√° por Sergio Fajardo. Mi agradecimiento ser√° siempre para Humberto de la Calle por el logro hist√≥rico del acuerdo de paz. Es una decisi√≥n dif√≠cil entre dos candidatos de lujo. Estoy convencido de que ser√° un voto de esperanza."
"@gapo1972","2018-05-21 00:11:44","Seguimos manteniendo la propuesta, de que @sergio_fajardo con @PartidoVerdeCoL  a @DeLaCalleHum con @PartidoLiberal  y todos, a unir fuerzas, para beneficio de las mayor√≠as que siempre fueron excluidas en Colombia, cumplamos el sue√±o de un pais mejor. #PetroEnBarranquilla"
"@Cristian_Monsal","2018-05-21 00:11:45","Siempre comprometida con #ElPa√≠sPrimero, estas fueron las palabras de la candidata vicepresidencial @angelamrobledo, en segunda vuelta vamos por quien pase entre @DeLaCalleHum, @sergio_fajardo y @petrogustavo. https://t.co/lknXN3fyBI"
"@dei2405","2018-05-21 00:11:54","Dos cosas deseo de coraz√≥n el pr√≥ximo 27 de mayo: - Que Iv√°n Duque gane en primera vuelta. - Que el miserable de Humberto de la Calle no alcance el umbral para que el Partido Liberal pierda su personer√≠a jur√≠dica."
"@juanfespinosa","2018-05-21 00:23:37","Mi voto en primera vuelta ser√° por Sergio Fajardo. Mi agradecimiento ser√° siempre para Humberto de la Calle por el logro hist√≥rico del acuerdo de paz. Es una decisi√≥n dif√≠cil entre dos candidatos de lujo. Estoy convencido de que ser√° un voto de esperanza."
"@dafemoro79","2018-05-21 00:23:39","Yo no me siento ni moralmente superior, ni mejor que nadie, ni botando mi voto con mi apoyo a @DeLaCalleHum. Siento q es el mejor, el m√°s preparado, el m√°s sensato y el m√°s moderado de todos los candidatos. Y si pierde, paila, a tomar cerveza y ya. Sin drama."
"@PabloSolanoMat1","2018-05-21 00:23:41","Seguimos manteniendo la propuesta, de que @sergio_fajardo con @PartidoVerdeCoL  a @DeLaCalleHum con @PartidoLiberal  y todos, a unir fuerzas, para beneficio de las mayor√≠as que siempre fueron excluidas en Colombia, cumplamos el sue√±o de un pais mejor. #PetroEnBarranquilla"
"@pachoperez","2018-05-21 00:23:41","Yo no me siento ni moralmente superior, ni mejor que nadie, ni botando mi voto con mi apoyo a @DeLaCalleHum. Siento q es el mejor, el m√°s preparado, el m√°s sensato y el m√°s moderado de todos los candidatos. Y si pierde, paila, a tomar cerveza y ya. Sin drama."
"@LDaniela_Diaz","2018-05-21 00:23:45","El partido liberal es como ese amigo de los trabajo en grupo que siempre promete ayudar y cuando toca hacer algo nunca aparece. No merecen a @DeLaCalleHum #tweethonesto"
"@suarezhe","2018-05-21 00:23:49","Mi voto en primera vuelta ser√° por Sergio Fajardo. Mi agradecimiento ser√° siempre para Humberto de la Calle por el logro hist√≥rico del acuerdo de paz. Es una decisi√≥n dif√≠cil entre dos candidatos de lujo. Estoy convencido de que ser√° un voto de esperanza."
"@joguiromo","2018-05-21 00:23:54","#EnElMundoMiMi mientras abre el paraguas Gustavo Petro con #NoAlFraudeElectoral y √Ålvaro Uribe V√©lez se siente con Iv√°n #DuqueGanador yo pido seguir oyendo y escuchando a Humberto De La Calle y a los que dicen #AbrimosNoCerramos de Sergio Fajardo o Germ√°n Vargas Lleras porque https://t.co/abWExIhXnr"
"@chachan8219","2018-05-21 00:23:56","Seguimos manteniendo la propuesta, de que @sergio_fajardo con @PartidoVerdeCoL  a @DeLaCalleHum con @PartidoLiberal  y todos, a unir fuerzas, para beneficio de las mayor√≠as que siempre fueron excluidas en Colombia, cumplamos el sue√±o de un pais mejor. #PetroEnBarranquilla"
"@damcolombia","2018-05-21 00:23:56","@BluRadioCo @petrogustavo @DeLaCalleHum Hace rato que se ve perdido este terrorista c√≠nico,ladr√≥n que termin√≥ con Bogot√° y que en un Estado decente estar√≠a preso! Petro: ojal√° se cumplan las palabras del Sargento:ud NUNCA va a ser presidente de Colombia."
"@dianarincon0616","2018-05-21 00:24:00","Yo no me siento ni moralmente superior, ni mejor que nadie, ni botando mi voto con mi apoyo a @DeLaCalleHum. Siento q es el mejor, el m√°s preparado, el m√°s sensato y el m√°s moderado de todos los candidatos. Y si pierde, paila, a tomar cerveza y ya. Sin drama."
"@NicolasHMASN","2018-05-21 00:24:03","@DeLaCalleHum no desiste de una candidatura que naci√≥ muerta por reivindicar un partido que no ha hecho m√°s que falsearlo empezando por su director. Por su dignidad no la del @PartidoLiberal #DeLaCalleApoyeAFajardo"
"@emigraldo","2018-05-21 00:24:04","Que @DeLaCalleHum realice una defensa a ultranza del Acuerdo de Paz, con el argumento que "se la van a tirar" si extraditan a Santrich, demuestra que los 5 a√±os en La Habana fueron al servicio de la guerrilla y no al servicio del pa√≠s. A√∫n as√≠, pretende ser Presidente. C√≠nico."
"@NathyMUR","2018-05-21 00:24:16","Yo voy a votar por @DeLaCalleHum y no importa si me quemo, aunque sea tengo m√°s criterio que √©se poco de militantes del partido Liberal que se venden al mejor postor. El peor enemigo que tiene De La Calle, son algunos personajes de su partido, simple!"
"@Luis777peji","2018-05-21 00:24:23","El Sr. @DeLaCalleHum üëπ no se cansa de sembra odio y ciza√±a. Ahora dice estamos #DeRegresoALaInquisicion porque un colegio no acept√≥ realizar en sus instalaciones su cierre de campa√±a. Qu√© personaje tan siniestro y malvado. https://t.co/EWIZD3xshP"
"@carobotero","2018-05-21 00:24:25","@petrogustavo @angelamrobledo @sergio_fajardo @German_Vargas @IvanDuque @DeLaCalleHum Aqu√≠ @carobotero cuenta que los partidos y la MOE tienen derecho a auditar, y explica bien por qu√© la auditor√≠a, tal como se hace hoy, es insuficiente."
"@carobotero","2018-05-21 00:24:28","@petrogustavo @angelamrobledo @sergio_fajardo @German_Vargas @IvanDuque @DeLaCalleHum @carobotero La auditor√≠a, como se hace hoy, es como si el interventor de una obra civil se limitara a mirar los planos y no pudiera ver la ejecuci√≥n."
"@carobotero","2018-05-21 00:24:33","@petrogustavo @angelamrobledo @sergio_fajardo @German_Vargas @IvanDuque @DeLaCalleHum @carobotero ¬øQue eso signifique que va a haber fraude? No. Pero s√≠ significa que alguien que quisiera hacer fraude podr√≠a hacerlo, porque el sistema tiene puntos ciegos."
"@ELIZABETHLIZA16","2018-05-21 00:24:33","@NoticiasCaracol EN SANTANDER EN MANIZALES , EN BOYACA, EN todos lados llenamos auditorios , y si q somos el voto de opinion con el mejor candidato presidencial @DeLaCalleHum  NO MIENTAN medios, VAMOS A LLEGAR A LA SEGUNDA vuelta  con el mas https://t.co/FLDFpHGbix"
"@CBanguero","2018-05-21 00:24:35","@ManosLimpiasCo @MONYDIAADIA @petrogustavo @sergio_fajardo @DeLaCalleHum Que desesperooooo tan berraco ,dan es risa jjajajahaajjajajjajajaajjajajjajajjajajajajjajajaajjajjaajjajajjjjjajaajajajjaajjajjajajaajjajjajajajajajjajajajjajajajajajjjajajajjajajjajaajajajajajajjajaajjajajjajajajajajjajjajajajajajjajajajajjajajajajjajajjajajajjajajjajajjajajjaja"
"@FabioMaldonad16","2018-05-21 00:24:45","Las cr√≠ticas a @IvanDuque se centran en que se pinta las canas y tiene poca experiencia. No ha ordenado masacres como @petrogustavo, no ha desfalcado a un departamento como @sergio_fajardo y no ha cogobernado al servicio de un cartel de drogas como @DeLaCalleHum. Que disculpen."
"@mmacarden","2018-05-21 00:24:47",".@Petrogustavo @IvanDuque @Sergio_fajardo @DeLaCalleHum @German_Vargas ¬øQu√© har√° para proteger a los lideres sociales? https://t.co/duFH2Ldx8c"
"@digoe19","2018-05-21 00:24:51","@danicorodriguez @_Martin_Arenas_ @luiferospino @don_lapingacho @MafeCarrascal @SergioFerG @PaisPrimero @DeLaCalleHum @petrogustavo @sergio_fajardo @AngelicaLozanoC @ClaudiaLopez Preg√∫ntele a Mafe que pasa con este tipo de tweets. Ella es apasionada en atacar a la campa√±a de Fajardo. https://t.co/a0uBVsRUhY"
"@manuguille24","2018-05-21 00:24:57","@delacalleHum @juanmanuelsantos van a morir enga√±ando al pueblo hablan y hablan de paz ser√° de la tranquilidad de la mesa de ellos por que el pa√≠s est√° la misma mierda muertos heridos narcotrafico micro tr√°fico creciendo a montones bandas criminales ¬øCUAL PAZ IMB√âCILES INEPTOS???"
"@RobynsonJ","2018-05-21 00:25:00","@danicorodriguez @_Martin_Arenas_ @luiferospino @don_lapingacho @MafeCarrascal @SergioFerG @PaisPrimero @DeLaCalleHum @petrogustavo @sergio_fajardo @AngelicaLozanoC @ClaudiaLopez Eso s√≥lo muestra que se da√±√≥ un marco, cosa normal en cualquier aglomeraci√≥n. Ah√≠ no se ve nadie haci√©ndolo, ni insultos ni nada de lo que "denuncian""
"@Ivan63013540","2018-05-21 00:25:00","Mi voto en primera vuelta ser√° por Sergio Fajardo. Mi agradecimiento ser√° siempre para Humberto de la Calle por el logro hist√≥rico del acuerdo de paz. Es una decisi√≥n dif√≠cil entre dos candidatos de lujo. Estoy convencido de que ser√° un voto de esperanza."
"@AFreakTeenager","2018-05-21 00:25:06","En contraste esta foto, el @PaisPrimero  no tiene ning√∫n problema con la campa√±a de @sergio_fajardo, en lo absoluto, seguiremos promoviendo el di√°logo entre los simpatizantes de √©l, @petrogustavo y @DeLaCalleHum. Las agresiones de @SergioFerG son su responsabilidad #ElPa√≠sPrimero https://t.co/Q6yibCC6Lu"
"@Luzyenydiaz","2018-05-21 00:25:07","Mi voto en primera vuelta ser√° por Sergio Fajardo. Mi agradecimiento ser√° siempre para Humberto de la Calle por el logro hist√≥rico del acuerdo de paz. Es una decisi√≥n dif√≠cil entre dos candidatos de lujo. Estoy convencido de que ser√° un voto de esperanza."
"@juansharkbe","2018-05-21 00:25:25","Ante el inminente fraude electoral, la campa√±a de la Colombia Humana, invita a las campa√±as de @sergio_fajardo y @DeLaCalleHum a que nos cuidemos el voto mutuamente. Un√°monos ante la trampa de los mismos de siempre. #YoCuidoMiVoto @petrogustavo @angelamrobledo https://t.co/Jrst54o04h"
"@ngiearevalo","2018-05-21 00:25:27","@DeLaCalleHum ella es jani, mi hermanita.quiere que todos votemos por ti, se la pasa dici√©ndole a todo mundo que voten por ti üòÉüôàüôèüèª https://t.co/HexKkW864n"
"@davidenriquefs","2018-05-21 00:25:28","Mi voto es x @petrogustavo y estoy dispuesto a votar por @sergio_fajardo o @DeLaCalleHum s√≠ uno de ellos pasara a segunda vuelta.Espero de ellos como l√≠deres y sus votantes  la altura para poner el pa√≠s por encima de las diferencias y respalden a Petro si √©l pasa. #ElPa√≠sPrimero https://t.co/WudFE62GDa"
"@Eliofriend80","2018-05-21 00:25:38","A los que van a votar por @DeLaCalleHum los felicito de coraz√≥n, s√© que son una muestra pura y dura del voto por convicci√≥n, y eso es de las cosas bonitas y dignificantes que tiene la democracia.  Despu√©s de todo, lo pol√≠tico no es m√°s que una defensa profunda de las convicciones"
"@DiegoRomero1999","2018-05-21 00:25:47","#ATENCI√ìN En este instante, @petrogustavo vuelve a reiterar su invitaci√≥n a @sergio_fajardo y  @DeLaCalleHum a formar una sola fuerza que lleve al pa√≠s por un camino distinto al de las fuerzas retardatarias."
"@Albevera","2018-05-21 00:25:51","@NoticiasCaracol MEDIOS MENTIROSOS , ayer en MANIZALES FUE APOTEOSIS CON @DeLaCalleHum  HOY EN BOGOTA, EN SATANDER,M EN TODOS LADOS lleno adoratorios y calles y usgtedxes nos dan cde ulyimas ? RESPETEN por favor ademas de DE LA CALLE SER EL VOTO DE OPINI√ìN, https://t.co/3OHeolHMWA"
"@soyloquenoexist","2018-05-21 00:26:03","Seguimos manteniendo la propuesta, de que @sergio_fajardo con @PartidoVerdeCoL  a @DeLaCalleHum con @PartidoLiberal  y todos, a unir fuerzas, para beneficio de las mayor√≠as que siempre fueron excluidas en Colombia, cumplamos el sue√±o de un pais mejor. #PetroEnBarranquilla"
"@HERACLITOL","2018-05-21 00:26:03","los votantes de @DeLaCalleHum lo ven como el candidato del centro-centro, como un estadista con ideas frescas, y como la persona m√°s preparada para llegar a dirigir el pa√≠s,  https://t.co/HSvfV5rWUe"
"@DiegohRios93","2018-05-21 00:26:09","Mi voto en primera vuelta ser√° por Sergio Fajardo. Mi agradecimiento ser√° siempre para Humberto de la Calle por el logro hist√≥rico del acuerdo de paz. Es una decisi√≥n dif√≠cil entre dos candidatos de lujo. Estoy convencido de que ser√° un voto de esperanza."
"@cristyllanor_c","2018-05-21 00:26:09","@IvanDuque @DeLaCalleHum @sergio_fajardo @petrogustavo  que no se les olvide y a nosotros tampoco a la hora de elegir al mejor. https://t.co/hrKssPPZLq"
"@Patri_gogo","2018-05-21 00:26:12","@JoseMAcevedo @petrogustavo @German_Vargas @IvanDuque @DeLaCalleHum @sergio_fajardo Jejejeje!, que ingenuidad. Pues si los resultados son confiables asi ser√°. Pero con esa regustraduria, cu√°l confianza?, cu√°l legalidad?"
"@Amezquit2Angela","2018-05-21 00:26:13","#ATENCI√ìN En este instante, @petrogustavo vuelve a reiterar su invitaci√≥n a @sergio_fajardo y  @DeLaCalleHum a formar una sola fuerza que lleve al pa√≠s por un camino distinto al de las fuerzas retardatarias."
"@AlbertoDiazMor8","2018-05-21 00:26:18","Es cierto que si @DeLaCalleHum saca menos del umbral el @PartidoLiberal pierde la personer√≠a? Les va a salir un poco cara esa consulta. M√°s de lo que nos cost√≥ a los contribuyentes."
"@samuelricardol","2018-05-21 00:26:21","#ATENCI√ìN En este instante, @petrogustavo vuelve a reiterar su invitaci√≥n a @sergio_fajardo y  @DeLaCalleHum a formar una sola fuerza que lleve al pa√≠s por un camino distinto al de las fuerzas retardatarias."
"@Eduardo_RA666","2018-05-21 00:26:40","Estas fueron las palabras de @angelamrobledo reafirmando el compromiso que hizo con nosotros, @PaisPrimero, en el caf√© #LasVicesSeSientan junto a @ClaraLopezObre. En segunda se compromete a apoyar a quien pase entre @DeLaCalleHum, @sergio_fajardo y @petrogustavo. #ElPa√≠sPrimero. https://t.co/e5sQ05Ua9C"
"@wafrolove","2018-05-21 00:26:44","Siempre @DeLaCalleHum dispuesto a compartir y a comprometerse con #ElPa√≠sPrimero. En segunda vuelta todos apoyaremos al candidato que pase entre √©l, @sergio_fajardo y @petrogustavo. https://t.co/EbpaLOup7i"
"@andrescamachomp","2018-05-21 00:26:48","Mi voto es x @petrogustavo y estoy dispuesto a votar por @sergio_fajardo o @DeLaCalleHum s√≠ uno de ellos pasara a segunda vuelta.Espero de ellos como l√≠deres y sus votantes  la altura para poner el pa√≠s por encima de las diferencias y respalden a Petro si √©l pasa. #ElPa√≠sPrimero https://t.co/WudFE62GDa"
"@rubenosm","2018-05-21 00:26:52","A los que van a votar por @DeLaCalleHum los felicito de coraz√≥n, s√© que son una muestra pura y dura del voto por convicci√≥n, y eso es de las cosas bonitas y dignificantes que tiene la democracia.  Despu√©s de todo, lo pol√≠tico no es m√°s que una defensa profunda de las convicciones"
"@andresmol","2018-05-21 00:27:07","#ATENCI√ìN En este instante, @petrogustavo vuelve a reiterar su invitaci√≥n a @sergio_fajardo y  @DeLaCalleHum a formar una sola fuerza que lleve al pa√≠s por un camino distinto al de las fuerzas retardatarias."
"@PoliticaPuntual","2018-05-21 00:27:07","Incre√≠ble ver un comercial de @DeLaCalleHum hablando del voto femenino y que en su gobierno habr√° un ministerio de la mujer, despu√©s de que su partido dej√≥ a @SOFIAGAVIRIAC y @MoralesViviane por fuera de la consulta. ¬øCoherencia?"
"@EdherGomez","2018-05-21 00:27:10","Mi voto en primera vuelta ser√° por Sergio Fajardo. Mi agradecimiento ser√° siempre para Humberto de la Calle por el logro hist√≥rico del acuerdo de paz. Es una decisi√≥n dif√≠cil entre dos candidatos de lujo. Estoy convencido de que ser√° un voto de esperanza."
"@juandaelprahxd","2018-05-21 00:27:15","@cruzoscarmario @Donperruncho @IngenieroCrush @ICBFColombia @petrogustavo @German_Vargas @IvanDuque @DeLaCalleHum @sergio_fajardo @ClaudiaLopez @mluciaramirez @angelamrobledo Si tiene una foto de perfil con los calzones abajo, no cuenta su opini√≥n"
"@DanielaLopezVe3","2018-05-21 00:27:19","@BluRadioCo @edithna2203 @petrogustavo @DeLaCalleHum es que las cuentas no me dan hay que tener en cuenta partido La U 1.853.054 cambio radical  2.155.487 LOS VOTOS del NO en plebiscito 6.424.385. liberal 1.901.933 polo 1.260.830 verdes 1.718.010 total 15.313.699.Menos total eleccion al Congreso  18.270.673 = 2.956.974"
"@FitnessGiorgio","2018-05-21 00:27:23","Incre√≠ble ver un comercial de @DeLaCalleHum hablando del voto femenino y que en su gobierno habr√° un ministerio de la mujer, despu√©s de que su partido dej√≥ a @SOFIAGAVIRIAC y @MoralesViviane por fuera de la consulta. ¬øCoherencia?"
"@RODRIGOORJUELAF","2018-05-21 00:27:27","#ATENCI√ìN En este instante, @petrogustavo vuelve a reiterar su invitaci√≥n a @sergio_fajardo y  @DeLaCalleHum a formar una sola fuerza que lleve al pa√≠s por un camino distinto al de las fuerzas retardatarias."
"@vasquez_barrero","2018-05-21 00:27:30","Resultados de la √∫ltima encuesta antes de elecciones presidenciales #Invamer:   @IvanDuque: 41.5% @petrogustavo: 29.5% @sergio_fajardo: 16.3% @German_Vargas: 6.6% @DeLaCalleHum: 1.9%  @NoticiasCaracol @RevistaSemana @BluRadioCo"
"@dei2405","2018-05-21 00:27:43","Este es @DeLaCalleHum el que le regal√≥ curules gratis y una candidatura presidencial a las Farc.  Ahora, en tal caso que pase el exguerrillero Petro a segunda vuelta lo apoyar√≠an con los de fajardo. ¬øDudas?  Duque es la esperanza que tiene el pa√≠s en estos momentos. #DuqueGanador https://t.co/EzjQomOiPI"
"@cayuyo59","2018-05-21 00:27:45","¬øPara usted qui√©n fue el ganador del Gran Debate #YoElijoPresidente en el que participaron los candidatos @IvanDuque, @DeLaCalleHum, @sergio_fajardo, @GermanVargasL?"
"@davalca2000","2018-05-21 00:27:51","@NotaAlAire @danicorodriguez @_Martin_Arenas_ @luiferospino @don_lapingacho @MafeCarrascal @SergioFerG @PaisPrimero @DeLaCalleHum @petrogustavo @sergio_fajardo @AngelicaLozanoC @ClaudiaLopez Para denunciar una supuesta agresi√≥n sin pruebas, la veo muy activa. Pero porqu√© nunca se le ve rechazando actos de este tipo llevados a cabo por el petrismo? No que ellos no representan s√≥lo a Petro? @SergioFerG https://t.co/cMx2AC93rs"
"@juanchitorios8","2018-05-21 00:27:53","En segunda vuelta vamos con el candidato que pase entre @DeLaCalleHum, @petrogustavo y @sergio_fajardo. Es hora de que Colombia tenga un Presidente que trabaje por la justicia social #ElPa√≠sPrimero üá®üá¥ https://t.co/dBKaim1deC"
"@JUAN_FRANRB","2018-05-21 00:27:58","Este es @DeLaCalleHum el que le regal√≥ curules gratis y una candidatura presidencial a las Farc.  Ahora, en tal caso que pase el exguerrillero Petro a segunda vuelta lo apoyar√≠an con los de fajardo. ¬øDudas?  Duque es la esperanza que tiene el pa√≠s en estos momentos. #DuqueGanador https://t.co/EzjQomOiPI"
"@BoBolivar","2018-05-21 00:28:01","@ClaudiaLopez de por Dios. @DeLaCalleHum @sergio_fajardo @petrogustavo @angelamrobledo @ClaraLopezObre que le esta pasando. https://t.co/RW8mjWFq0H"
"@josesanchezbelt","2018-05-21 00:28:08","Estas fueron las palabras de @angelamrobledo reafirmando el compromiso que hizo con nosotros, @PaisPrimero, en el caf√© #LasVicesSeSientan junto a @ClaraLopezObre. En segunda se compromete a apoyar a quien pase entre @DeLaCalleHum, @sergio_fajardo y @petrogustavo. #ElPa√≠sPrimero. https://t.co/e5sQ05Ua9C"
"@SaberesRed","2018-05-21 00:28:08","Tiene mucho que aprender @SergioFerG. Tan j√≥ven y tan sectario, lamentablemente! @DeLaCalleHum demostrando coherencia pol√≠tica #ElPa√≠sPrimero https://t.co/IpC36G1qUp"
"@sergio9_8","2018-05-21 00:28:17","Incre√≠ble ver un comercial de @DeLaCalleHum hablando del voto femenino y que en su gobierno habr√° un ministerio de la mujer, despu√©s de que su partido dej√≥ a @SOFIAGAVIRIAC y @MoralesViviane por fuera de la consulta. ¬øCoherencia?"
"@DiegoCortesV","2018-05-21 00:28:18","@danicorodriguez @_Martin_Arenas_ @luiferospino @don_lapingacho @MafeCarrascal @SergioFerG @PaisPrimero @DeLaCalleHum @petrogustavo @sergio_fajardo @AngelicaLozanoC @ClaudiaLopez Preg√∫ntele a Mafe que pasa con este tipo de tweets. Ella es apasionada en atacar a la campa√±a de Fajardo. https://t.co/a0uBVsRUhY"
"@Rolitorolito12","2018-05-21 00:28:20","Seguimos manteniendo la propuesta, de que @sergio_fajardo con @PartidoVerdeCoL  a @DeLaCalleHum con @PartidoLiberal  y todos, a unir fuerzas, para beneficio de las mayor√≠as que siempre fueron excluidas en Colombia, cumplamos el sue√±o de un pais mejor. #PetroEnBarranquilla"
"@edergomezm","2018-05-21 00:28:20","Seguimos manteniendo la propuesta, de que @sergio_fajardo con @PartidoVerdeCoL  a @DeLaCalleHum con @PartidoLiberal  y todos, a unir fuerzas, para beneficio de las mayor√≠as que siempre fueron excluidas en Colombia, cumplamos el sue√±o de un pais mejor. #PetroEnBarranquilla"
"@JuanK148","2018-05-21 00:28:23","@ErazoBedoya @riveraguillermo @petrogustavo @JuanManSantos @AntanasMockus @angelamrobledo @sergio_fajardo @ClaudiaLopez @German_Vargas @IvanDuque @DeLaCalleHum Llenaban plazas antes del 11 de Marzo y sacaron 2 Senadores. Eso no dice nada."
